time,open,high,low,close,vwap,volume,count
2026-01-25 15:10:00+00:00,88584.0,88616.5,88583.9,88616.5,88609.2,0.38381725,50
2026-01-25 15:15:00+00:00,88616.5,88616.5,88574.9,88574.9,88609.8,1.57419413,117
2026-01-25 15:20:00+00:00,88563.9,88563.9,88515.0,88515.1,88530.4,1.54241736,96
2026-01-25 15:25:00+00:00,88515.1,88609.9,88515.0,88609.9,88547.5,0.26150731,67
2026-01-25 15:30:00+00:00,88609.9,88609.9,88575.0,88575.0,88599.0,0.97167920,86
2026-01-25 15:35:00+00:00,88575.1,88575.1,88530.1,88530.2,88570.9,1.74793092,92
2026-01-25 15:40:00+00:00,88530.2,88544.5,88530.2,88539.6,88542.4,5.52460303,102
2026-01-25 15:45:00+00:00,88539.7,88539.7,88450.0,88450.0,88527.3,13.44095597,191
2026-01-25 15:50:00+00:00,88450.1,88461.0,88250.0,88266.4,88321.7,4.92190359,228
2026-01-25 15:55:00+00:00,88266.4,88357.6,88266.4,88316.3,88285.8,5.84413987,181
2026-01-25 16:00:00+00:00,88316.3,88316.3,87881.9,88148.1,88032.1,114.11134691,733
2026-01-25 16:05:00+00:00,88148.1,88148.1,87785.0,87936.3,87940.3,41.37489626,612
2026-01-25 16:10:00+00:00,87936.3,87962.9,87728.4,87786.8,87814.8,30.40384269,690
2026-01-25 16:15:00+00:00,87786.8,87850.4,87526.6,87550.4,87618.4,41.11435342,775
2026-01-25 16:20:00+00:00,87550.5,87793.4,87429.2,87781.2,87588.7,16.25891326,656
2026-01-25 16:25:00+00:00,87781.2,87973.4,87751.9,87965.7,87846.3,7.25316690,370
2026-01-25 16:30:00+00:00,87934.1,88000.0,87646.8,87700.1,87905.5,19.28555717,384
2026-01-25 16:35:00+00:00,87700.0,87900.9,87694.0,87813.7,87802.6,4.15371545,334
2026-01-25 16:40:00+00:00,87842.9,87890.0,87791.9,87792.0,87830.1,2.79870299,221
2026-01-25 16:45:00+00:00,87792.0,87792.0,87680.0,87738.3,87732.5,4.33791357,271
2026-01-25 16:50:00+00:00,87738.3,87877.9,87738.2,87876.5,87829.9,1.33599723,185
2026-01-25 16:55:00+00:00,87876.5,87999.8,87876.5,87952.8,87966.6,4.55529947,213
2026-01-25 17:00:00+00:00,87952.8,87956.5,87776.3,87893.6,87936.1,4.95116969,231
2026-01-25 17:05:00+00:00,87860.6,87887.9,87744.1,87887.9,87778.7,3.98006498,190
2026-01-25 17:10:00+00:00,87887.8,87887.8,87755.9,87755.9,87843.3,1.43219439,171
2026-01-25 17:15:00+00:00,87744.1,87826.8,87744.1,87796.2,87766.0,14.57396941,280
2026-01-25 17:20:00+00:00,87800.0,87876.3,87744.1,87744.1,87803.1,3.85802772,231
2026-01-25 17:25:00+00:00,87744.1,87798.6,87627.5,87778.9,87697.5,19.54724985,296
2026-01-25 17:30:00+00:00,87778.9,87831.6,87677.4,87702.1,87706.3,13.35932194,266
2026-01-25 17:35:00+00:00,87702.1,87794.2,87702.0,87785.9,87760.9,10.82722746,224
2026-01-25 17:40:00+00:00,87786.0,87870.3,87765.5,87869.2,87831.3,10.39476584,148
2026-01-25 17:45:00+00:00,87869.1,87869.2,87800.0,87827.3,87819.2,4.99970961,185
2026-01-25 17:50:00+00:00,87827.2,87844.2,87802.7,87802.7,87826.8,3.97488036,154
2026-01-25 17:55:00+00:00,87802.8,87802.8,87720.2,87750.8,87747.2,1.46473187,132
2026-01-25 18:00:00+00:00,87750.9,87766.9,87715.9,87766.9,87743.3,3.19363337,179
2026-01-25 18:05:00+00:00,87766.9,87832.9,87766.8,87800.0,87790.4,3.27028990,171
2026-01-25 18:10:00+00:00,87799.9,87799.9,87400.0,87591.2,87513.2,9.76384352,487
2026-01-25 18:15:00+00:00,87591.2,87750.3,87412.5,87558.0,87529.0,11.85215483,441
2026-01-25 18:20:00+00:00,87577.0,87639.3,87453.0,87509.7,87519.6,9.40158420,368
2026-01-25 18:25:00+00:00,87509.7,87510.1,87295.9,87410.1,87368.1,35.69279545,632
2026-01-25 18:30:00+00:00,87410.1,87458.8,87200.3,87200.3,87363.4,34.24515438,671
2026-01-25 18:35:00+00:00,87214.3,87373.9,87214.3,87295.0,87305.6,12.43184731,442
2026-01-25 18:40:00+00:00,87294.9,87294.9,86721.3,86955.8,86877.8,65.20926105,1317
2026-01-25 18:45:00+00:00,86955.8,87168.1,86878.6,87163.2,87042.1,37.88351298,760
2026-01-25 18:50:00+00:00,87146.3,87268.5,87071.1,87256.6,87200.9,11.99869953,432
2026-01-25 18:55:00+00:00,87256.6,87335.5,87217.8,87295.6,87285.6,9.09521264,365
2026-01-25 19:00:00+00:00,87295.6,87359.9,87143.5,87148.2,87306.1,3.66284284,359
2026-01-25 19:05:00+00:00,87148.2,87216.0,87089.9,87205.1,87145.2,5.40416928,256
2026-01-25 19:10:00+00:00,87205.0,87256.3,87159.5,87187.6,87207.2,2.14127828,199
2026-01-25 19:15:00+00:00,87187.5,87199.9,86963.4,86963.5,87073.0,42.71379805,401
2026-01-25 19:20:00+00:00,86963.5,86963.5,86510.2,86639.4,86664.5,33.41626906,1053
2026-01-25 19:25:00+00:00,86639.3,86639.3,86351.2,86380.8,86435.3,102.76400996,1180
2026-01-25 19:30:00+00:00,86380.8,86488.9,86168.4,86344.1,86306.1,36.53094286,964
2026-01-25 19:35:00+00:00,86344.2,86558.3,86344.2,86544.8,86440.3,19.44341256,565
2026-01-25 19:40:00+00:00,86544.7,86712.5,86540.9,86608.1,86582.9,27.30966545,480
2026-01-25 19:45:00+00:00,86608.1,86608.1,86356.9,86356.9,86458.3,15.07068392,581
2026-01-25 19:50:00+00:00,86357.0,86454.9,86107.0,86395.7,86247.2,19.46044956,719
2026-01-25 19:55:00+00:00,86408.1,86435.8,86367.0,86379.6,86397.3,2.05619146,324
2026-01-25 20:00:00+00:00,86379.6,86475.7,86379.5,86433.2,86437.9,15.94198382,354
2026-01-25 20:05:00+00:00,86420.7,86568.4,86379.5,86568.4,86447.0,9.47655814,378
2026-01-25 20:10:00+00:00,86568.5,86609.1,86279.2,86341.6,86437.5,8.10095214,401
2026-01-25 20:15:00+00:00,86335.3,86383.2,86296.5,86382.1,86357.2,4.62621740,242
2026-01-25 20:20:00+00:00,86382.3,86434.2,86180.0,86256.5,86340.3,26.17860985,457
2026-01-25 20:25:00+00:00,86256.5,86392.0,86256.5,86385.0,86321.3,4.18403410,333
2026-01-25 20:30:00+00:00,86385.1,86408.1,86129.9,86161.0,86282.6,12.58632818,435
2026-01-25 20:35:00+00:00,86161.0,86263.2,86157.5,86192.9,86211.1,3.21060359,335
2026-01-25 20:40:00+00:00,86172.1,86255.5,86156.1,86200.0,86199.1,22.28169172,320
2026-01-25 20:45:00+00:00,86200.0,86227.8,86180.1,86219.6,86199.6,19.81632238,266
2026-01-25 20:50:00+00:00,86219.7,86513.2,86219.7,86509.5,86417.1,11.11961180,342
2026-01-25 20:55:00+00:00,86509.5,86563.8,86455.3,86538.7,86515.8,33.46247655,405
2026-01-25 21:00:00+00:00,86538.6,86785.3,86538.6,86711.8,86617.9,13.64797799,415
2026-01-25 21:05:00+00:00,86711.8,86809.4,86699.8,86741.2,86766.1,8.94862612,315
2026-01-25 21:10:00+00:00,86741.3,86830.3,86700.0,86830.3,86721.9,10.07664444,260
2026-01-25 21:15:00+00:00,86830.3,86865.8,86768.0,86852.4,86836.7,20.81901650,324
2026-01-25 21:20:00+00:00,86852.3,86892.8,86730.8,86757.4,86787.3,15.20483748,326
2026-01-25 21:25:00+00:00,86757.5,86879.3,86757.4,86879.3,86800.8,22.97022435,209
2026-01-25 21:30:00+00:00,86879.2,86879.3,86470.0,86558.0,86734.5,15.87184008,349
2026-01-25 21:35:00+00:00,86558.0,86558.0,86310.9,86310.9,86404.4,14.80542419,353
2026-01-25 21:40:00+00:00,86311.0,86462.5,86311.0,86443.5,86415.8,1.82235754,189
2026-01-25 21:45:00+00:00,86443.4,86538.2,86405.4,86531.3,86484.1,5.17816680,259
2026-01-25 21:50:00+00:00,86531.2,86559.0,86427.0,86434.7,86491.8,8.97416268,304
2026-01-25 21:55:00+00:00,86434.7,86524.9,86434.7,86484.7,86492.1,5.99303770,221
2026-01-25 22:00:00+00:00,86484.7,86484.7,86200.0,86350.0,86341.9,28.29787197,449
2026-01-25 22:05:00+00:00,86350.0,86350.0,86235.2,86300.0,86283.1,61.05793162,434
2026-01-25 22:10:00+00:00,86325.9,86416.5,86325.9,86407.8,86353.6,3.55229048,199
2026-01-25 22:15:00+00:00,86407.8,86407.8,86305.5,86323.6,86358.9,0.96658598,203
2026-01-25 22:20:00+00:00,86323.6,86323.6,86153.7,86216.8,86240.8,32.73226239,392
2026-01-25 22:25:00+00:00,86216.8,86285.1,86216.8,86235.0,86235.1,9.08966086,303
2026-01-25 22:30:00+00:00,86235.0,86335.5,86115.2,86275.0,86219.0,16.84613354,414
2026-01-25 22:35:00+00:00,86303.7,86587.4,86303.7,86422.4,86422.2,20.54934573,556
2026-01-25 22:40:00+00:00,86422.4,86532.5,86299.0,86532.5,86387.8,15.13593580,320
2026-01-25 22:45:00+00:00,86536.3,86549.1,86342.3,86342.5,86390.5,5.04318084,218
2026-01-25 22:50:00+00:00,86342.5,86362.0,86202.4,86243.0,86281.1,2.24980759,180
2026-01-25 22:55:00+00:00,86243.0,86450.9,86243.0,86420.6,86426.7,4.19783639,206
2026-01-25 23:00:00+00:00,86420.7,86475.6,86007.0,86422.3,86181.0,20.23706736,762
2026-01-25 23:05:00+00:00,86393.7,86393.7,86168.4,86268.0,86247.3,8.49754064,320
2026-01-25 23:10:00+00:00,86267.4,86376.8,86262.9,86291.0,86332.2,10.27358254,285
2026-01-25 23:15:00+00:00,86290.9,86458.7,86150.0,86417.1,86262.9,22.66696786,511
2026-01-25 23:20:00+00:00,86417.0,86615.4,86355.1,86501.8,86507.7,7.71776923,362
2026-01-25 23:25:00+00:00,86501.9,86508.9,86405.2,86405.2,86467.7,0.96953895,208
2026-01-25 23:30:00+00:00,86405.2,86497.4,86309.1,86383.7,86431.7,2.70664802,231
2026-01-25 23:35:00+00:00,86403.1,86418.2,86178.2,86227.5,86320.3,6.37278750,343
2026-01-25 23:40:00+00:00,86227.5,86354.0,86197.0,86325.6,86255.9,8.21186860,211
2026-01-25 23:45:00+00:00,86328.5,86600.6,86328.5,86600.5,86517.2,1.87599695,211
2026-01-25 23:50:00+00:00,86600.6,86674.1,86513.2,86536.3,86602.0,7.40291347,305
2026-01-25 23:55:00+00:00,86536.4,86579.9,86536.4,86572.3,86551.2,4.03934206,198
2026-01-26 00:00:00+00:00,86572.3,86694.7,86549.2,86650.1,86626.1,5.18176531,389
2026-01-26 00:05:00+00:00,86650.1,86980.8,86650.1,86891.1,86831.3,46.43747666,473
2026-01-26 00:10:00+00:00,86891.1,86933.9,86838.0,86925.3,86886.8,6.37107147,275
2026-01-26 00:15:00+00:00,86934.1,87078.7,86859.4,86926.0,86992.2,6.66971443,366
2026-01-26 00:20:00+00:00,86926.0,87001.6,86843.0,86902.1,86940.3,3.07442523,253
2026-01-26 00:25:00+00:00,86902.1,86902.1,86697.9,86751.8,86801.2,2.31279983,222
2026-01-26 00:30:00+00:00,86751.8,86751.8,86616.0,86616.1,86670.4,1.13283655,168
2026-01-26 00:35:00+00:00,86616.1,86690.4,86602.8,86642.2,86626.6,0.91476905,146
2026-01-26 00:40:00+00:00,86642.2,86652.2,86523.7,86525.1,86573.4,2.27567804,164
2026-01-26 00:45:00+00:00,86525.1,86629.4,86430.5,86629.4,86483.0,2.61843369,204
2026-01-26 00:50:00+00:00,86638.3,86863.8,86638.3,86666.5,86804.6,2.58922340,205
2026-01-26 00:55:00+00:00,86680.8,86755.0,86680.8,86754.9,86712.3,4.01596583,211
2026-01-26 01:00:00+00:00,86755.0,87070.2,86725.6,87031.5,86889.8,6.10853002,325
2026-01-26 01:05:00+00:00,87031.5,87242.9,87031.4,87214.8,87127.3,5.49073162,397
2026-01-26 01:10:00+00:00,87214.8,87331.8,87146.5,87159.4,87224.0,8.17996240,371
2026-01-26 01:15:00+00:00,87159.5,87355.9,87159.5,87250.1,87291.6,10.46566006,271
2026-01-26 01:20:00+00:00,87250.1,87647.9,87250.1,87506.5,87491.5,7.42144314,401
2026-01-26 01:25:00+00:00,87500.1,87533.6,87341.1,87508.3,87436.1,3.55043549,220
2026-01-26 01:30:00+00:00,87520.4,87611.5,87520.4,87538.5,87579.7,2.44593612,253
2026-01-26 01:35:00+00:00,87538.6,87601.6,87508.3,87555.0,87563.0,1.73172557,166
2026-01-26 01:40:00+00:00,87554.9,87628.8,87484.5,87563.7,87592.5,3.53949166,227
2026-01-26 01:45:00+00:00,87563.8,87636.1,87429.6,87447.3,87562.3,6.31680859,269
2026-01-26 01:50:00+00:00,87447.2,87716.1,87429.9,87486.2,87596.7,7.63101490,349
2026-01-26 01:55:00+00:00,87481.3,87657.9,87481.3,87579.6,87561.8,10.87499925,300
2026-01-26 02:00:00+00:00,87579.6,87589.8,87341.0,87400.1,87434.2,2.82780256,360
2026-01-26 02:05:00+00:00,87400.1,87410.0,87342.9,87342.9,87400.5,16.91150390,210
2026-01-26 02:10:00+00:00,87342.9,87399.5,87342.9,87399.5,87350.5,4.46557041,111
2026-01-26 02:15:00+00:00,87399.5,87476.7,87392.5,87424.9,87453.6,0.95000075,142
2026-01-26 02:20:00+00:00,87424.9,87730.8,87424.8,87699.5,87626.3,6.29274319,279
2026-01-26 02:25:00+00:00,87699.5,87809.9,87699.5,87779.0,87758.5,10.54835791,228
2026-01-26 02:30:00+00:00,87779.0,87827.4,87732.5,87784.0,87793.3,2.26078340,187
2026-01-26 02:35:00+00:00,87784.0,87784.0,87641.2,87641.3,87679.9,3.28506155,201
2026-01-26 02:40:00+00:00,87641.3,87673.7,87524.5,87524.5,87617.8,2.56474653,162
2026-01-26 02:45:00+00:00,87501.8,87547.0,87501.7,87528.1,87531.7,10.66830771,163
2026-01-26 02:50:00+00:00,87528.1,87528.1,87429.5,87436.7,87468.9,6.66504457,130
2026-01-26 02:55:00+00:00,87436.6,87495.3,87371.1,87414.9,87422.7,6.62905148,198
2026-01-26 03:00:00+00:00,87440.9,87493.8,87375.5,87493.8,87444.8,0.66265901,175
2026-01-26 03:05:00+00:00,87503.7,87552.4,87480.6,87492.9,87506.5,3.56407260,168
2026-01-26 03:10:00+00:00,87492.8,87509.6,87434.6,87434.6,87477.6,2.95691808,144
2026-01-26 03:15:00+00:00,87434.7,87463.5,87400.5,87454.5,87423.1,1.04477030,146
2026-01-26 03:20:00+00:00,87454.5,87457.4,87362.9,87363.0,87402.9,1.60998116,145
2026-01-26 03:25:00+00:00,87363.0,87376.0,87321.8,87321.8,87345.1,1.21829986,110
2026-01-26 03:30:00+00:00,87320.1,87354.0,87227.1,87227.1,87300.8,2.23709474,131
2026-01-26 03:35:00+00:00,87227.2,87227.2,87140.2,87160.9,87184.5,3.95089513,186
2026-01-26 03:40:00+00:00,87160.8,87218.0,87160.8,87204.7,87209.4,0.32404236,69
2026-01-26 03:45:00+00:00,87204.7,87225.0,87113.3,87173.4,87162.0,5.92501991,135
2026-01-26 03:50:00+00:00,87173.4,87173.5,87050.0,87050.1,87100.1,2.83857058,130
2026-01-26 03:55:00+00:00,87050.0,87146.9,86986.7,87146.8,87047.4,13.62805018,186
2026-01-26 04:00:00+00:00,87146.8,87187.5,87114.5,87114.5,87165.1,8.49869369,196
2026-01-26 04:05:00+00:00,87114.6,87300.0,87114.6,87300.0,87256.6,5.39563011,126
2026-01-26 04:10:00+00:00,87300.0,87412.4,87300.0,87360.8,87341.8,0.99891784,146
2026-01-26 04:15:00+00:00,87360.7,87453.1,87360.7,87450.8,87445.2,7.69024452,138
2026-01-26 04:20:00+00:00,87450.8,87623.5,87450.8,87623.5,87497.5,4.66903472,186
2026-01-26 04:25:00+00:00,87623.5,88171.7,87623.5,87740.2,87922.7,457.03358339,709
2026-01-26 04:30:00+00:00,87740.2,87842.6,87740.2,87813.2,87825.9,4.19986092,187
2026-01-26 04:35:00+00:00,87813.3,87813.3,87723.9,87767.7,87767.5,8.57543569,139
2026-01-26 04:40:00+00:00,87767.6,87767.6,87623.3,87649.4,87693.8,9.16553824,146
2026-01-26 04:45:00+00:00,87649.4,87667.5,87626.8,87626.8,87647.2,0.64499941,117
2026-01-26 04:50:00+00:00,87626.8,87722.4,87626.8,87722.4,87669.6,1.43216719,156
2026-01-26 04:55:00+00:00,87722.4,87722.4,87602.7,87617.3,87666.6,2.54993924,111
2026-01-26 05:00:00+00:00,87617.4,87697.0,87617.4,87672.0,87674.0,0.77627892,150
2026-01-26 05:05:00+00:00,87671.9,87671.9,87555.0,87578.8,87605.4,0.79213798,98
2026-01-26 05:10:00+00:00,87587.5,87623.8,87587.5,87619.1,87619.3,3.11341498,76
2026-01-26 05:15:00+00:00,87619.1,87649.9,87619.1,87649.9,87626.8,0.30753059,91
2026-01-26 05:20:00+00:00,87649.9,87741.4,87649.8,87718.1,87707.6,1.60785927,150
2026-01-26 05:25:00+00:00,87718.2,87747.8,87718.1,87747.5,87747.5,6.74409848,178
2026-01-26 05:30:00+00:00,87747.4,87790.9,87720.9,87769.2,87747.3,0.59845420,105
2026-01-26 05:35:00+00:00,87769.1,87790.9,87645.5,87654.8,87718.9,0.41656044,136
2026-01-26 05:40:00+00:00,87654.8,87754.2,87654.7,87718.4,87685.5,1.21169778,83
2026-01-26 05:45:00+00:00,87718.4,87754.3,87688.0,87751.8,87715.4,0.38715362,95
2026-01-26 05:50:00+00:00,87751.8,87842.5,87751.7,87788.7,87778.6,15.14214492,197
2026-01-26 05:55:00+00:00,87788.7,87792.3,87711.9,87712.0,87764.9,0.75067828,161
2026-01-26 06:00:00+00:00,87712.0,87722.7,87672.8,87673.0,87695.5,0.48270815,150
2026-01-26 06:05:00+00:00,87673.0,87787.2,87672.9,87706.7,87725.4,0.51619249,113
2026-01-26 06:10:00+00:00,87706.6,87725.1,87641.3,87641.5,87687.4,0.75877298,118
2026-01-26 06:15:00+00:00,87641.5,87777.0,87641.4,87777.0,87673.1,0.35694679,106
2026-01-26 06:20:00+00:00,87777.0,87822.5,87777.0,87796.7,87797.7,1.08607607,141
2026-01-26 06:25:00+00:00,87796.6,87848.9,87796.6,87824.3,87822.0,10.47404853,144
2026-01-26 06:30:00+00:00,87824.4,87844.4,87791.8,87791.8,87838.1,0.43582137,118
2026-01-26 06:35:00+00:00,87791.9,87791.9,87736.8,87763.5,87762.7,1.16834502,75
2026-01-26 06:40:00+00:00,87763.5,87824.3,87763.5,87824.3,87791.2,6.48159617,117
2026-01-26 06:45:00+00:00,87824.3,87889.0,87750.0,87863.7,87774.2,12.63807941,194
2026-01-26 06:50:00+00:00,87863.6,87897.4,87819.0,87819.1,87890.5,4.57353171,127
2026-01-26 06:55:00+00:00,87819.0,87834.5,87793.5,87822.6,87821.2,0.50783362,105
2026-01-26 07:00:00+00:00,87822.7,87829.7,87737.2,87757.8,87772.5,3.60287878,187
2026-01-26 07:05:00+00:00,87757.7,87807.0,87757.7,87807.0,87793.3,0.10097166,56
2026-01-26 07:10:00+00:00,87807.0,87894.3,87806.9,87894.3,87832.8,0.38357166,84
2026-01-26 07:15:00+00:00,87894.3,87960.5,87838.7,87846.0,87900.2,2.03542754,160
2026-01-26 07:20:00+00:00,87829.6,87888.5,87829.6,87832.4,87866.0,0.48628552,105
2026-01-26 07:25:00+00:00,87832.5,87843.0,87686.3,87686.4,87734.3,1.01375018,130
2026-01-26 07:30:00+00:00,87686.3,87686.4,87581.5,87669.6,87618.2,4.92981422,153
2026-01-26 07:35:00+00:00,87647.5,87853.3,87647.5,87853.3,87736.8,4.43890837,176
2026-01-26 07:40:00+00:00,87853.3,87897.1,87821.0,87821.0,87886.0,1.49708314,111
2026-01-26 07:45:00+00:00,87821.0,87840.6,87790.3,87790.3,87807.6,1.29305056,103
2026-01-26 07:50:00+00:00,87790.3,87912.9,87790.3,87912.9,87820.7,0.21812468,108
2026-01-26 07:55:00+00:00,87912.9,87912.9,87889.8,87906.1,87905.6,1.91086806,123
2026-01-26 08:00:00+00:00,87906.1,88070.0,87906.0,88026.9,87997.5,10.69594131,387
2026-01-26 08:05:00+00:00,88026.8,88063.1,87994.3,88004.8,88039.8,6.82252722,307
2026-01-26 08:10:00+00:00,88004.7,88012.2,87865.1,87865.1,87998.7,1.31217904,107
2026-01-26 08:15:00+00:00,87847.0,87847.0,87749.2,87800.0,87756.7,1.31711191,80
2026-01-26 08:20:00+00:00,87799.9,88263.3,87799.9,88071.7,88157.0,8.73902489,373
2026-01-26 08:25:00+00:00,88071.7,88145.0,88045.9,88092.8,88094.8,4.41325480,150
2026-01-26 08:30:00+00:00,88092.9,88123.2,88044.2,88044.2,88070.2,0.82125274,128
2026-01-26 08:35:00+00:00,88044.3,88065.8,88013.5,88041.7,88053.2,0.75071201,102
2026-01-26 08:40:00+00:00,88041.7,88049.7,87941.0,87941.0,87998.3,0.44451670,87
2026-01-26 08:45:00+00:00,87941.1,87989.7,87941.0,87960.1,87967.7,0.11497028,59
2026-01-26 08:50:00+00:00,87960.0,87981.9,87894.4,87894.4,87956.2,0.26940496,61
2026-01-26 08:55:00+00:00,87894.5,87894.5,87868.9,87878.2,87884.1,1.05994954,112
2026-01-26 09:00:00+00:00,87874.3,87894.5,87699.7,87699.8,87763.4,4.08628135,176
2026-01-26 09:05:00+00:00,87702.8,87758.3,87702.8,87729.1,87720.8,1.66638574,143
2026-01-26 09:10:00+00:00,87729.0,87729.1,87657.3,87703.4,87699.8,1.44336222,113
2026-01-26 09:15:00+00:00,87703.5,87722.8,87657.3,87657.4,87695.7,0.14490768,94
2026-01-26 09:20:00+00:00,87657.4,87729.1,87647.5,87647.5,87681.2,0.27853431,66
2026-01-26 09:25:00+00:00,87647.6,87699.7,87636.2,87693.0,87678.8,0.47148803,87
2026-01-26 09:30:00+00:00,87693.0,87693.0,87646.6,87646.6,87678.8,0.22138815,69
2026-01-26 09:35:00+00:00,87646.6,87646.7,87586.4,87586.4,87620.2,0.28850314,87
2026-01-26 09:40:00+00:00,87586.4,87685.7,87586.3,87685.7,87617.1,0.12178596,65
2026-01-26 09:45:00+00:00,87685.7,87694.2,87580.0,87611.7,87668.0,2.13148532,105
2026-01-26 09:50:00+00:00,87611.7,87611.7,87510.1,87516.6,87531.6,1.76910476,150
2026-01-26 09:55:00+00:00,87516.6,87575.2,87516.6,87563.5,87546.4,4.71341484,120
2026-01-26 10:00:00+00:00,87566.3,87696.1,87566.3,87696.1,87592.9,1.04256855,126
2026-01-26 10:05:00+00:00,87703.9,87810.3,87703.9,87732.7,87740.7,1.50537956,103
2026-01-26 10:10:00+00:00,87732.8,87758.4,87732.7,87739.9,87743.7,0.17479088,72
2026-01-26 10:15:00+00:00,87739.9,87781.7,87688.7,87714.7,87767.3,1.48185395,110
2026-01-26 10:20:00+00:00,87714.6,87737.4,87714.6,87736.4,87730.0,0.08787765,56
2026-01-26 10:25:00+00:00,87736.4,87820.0,87736.4,87804.3,87747.1,1.24624634,80
2026-01-26 10:30:00+00:00,87804.3,87846.9,87804.3,87839.5,87824.8,4.04431633,90
2026-01-26 10:35:00+00:00,87839.5,87839.5,87756.2,87781.0,87830.0,1.32232938,59
2026-01-26 10:40:00+00:00,87780.9,87789.9,87780.9,87789.8,87784.7,0.23749029,64
2026-01-26 10:45:00+00:00,87789.7,87839.5,87789.7,87828.8,87820.7,0.25536343,82
2026-01-26 10:50:00+00:00,87828.9,87832.8,87828.9,87832.7,87832.5,0.11107580,43
2026-01-26 10:55:00+00:00,87832.8,87832.8,87795.5,87795.6,87821.6,0.26133549,48
2026-01-26 11:00:00+00:00,87795.6,87839.1,87795.6,87836.0,87821.4,6.22927712,95
2026-01-26 11:05:00+00:00,87836.0,87861.7,87835.9,87861.6,87841.7,1.48123345,98
2026-01-26 11:10:00+00:00,87861.7,87885.1,87861.6,87885.0,87877.3,0.91484115,85
2026-01-26 11:15:00+00:00,87884.9,87885.0,87861.6,87861.7,87880.0,0.73926686,83
2026-01-26 11:20:00+00:00,87861.7,87872.9,87800.0,87800.2,87824.8,0.76666105,87
2026-01-26 11:25:00+00:00,87800.2,87811.2,87702.6,87702.6,87744.9,5.34759131,133
2026-01-26 11:30:00+00:00,87702.5,87710.5,87686.3,87705.7,87703.8,0.18745916,88
2026-01-26 11:35:00+00:00,87705.7,87754.5,87686.3,87754.5,87712.8,0.29505990,67
2026-01-26 11:40:00+00:00,87754.3,87778.1,87754.3,87754.4,87768.5,0.15574563,49
2026-01-26 11:45:00+00:00,87754.3,87754.4,87720.0,87742.4,87730.2,0.86266302,89
2026-01-26 11:50:00+00:00,87721.8,87750.4,87721.7,87739.8,87732.8,0.25301487,105
2026-01-26 11:55:00+00:00,87739.8,87761.0,87739.7,87749.7,87758.6,0.14551553,50
2026-01-26 12:00:00+00:00,87749.8,87868.6,87749.8,87868.5,87836.1,0.65111751,105
2026-01-26 12:05:00+00:00,87868.5,87868.5,87695.3,87695.3,87765.3,2.15908410,94
2026-01-26 12:10:00+00:00,87695.2,87791.7,87671.5,87791.7,87701.4,2.35806106,117
2026-01-26 12:15:00+00:00,87791.7,87838.9,87791.6,87810.1,87809.1,4.39107826,94
2026-01-26 12:20:00+00:00,87810.1,87830.0,87740.7,87748.7,87804.1,1.17453629,78
2026-01-26 12:25:00+00:00,87748.6,87794.1,87748.6,87794.0,87769.5,0.47539065,82
2026-01-26 12:30:00+00:00,87794.1,87794.1,87732.2,87735.0,87789.5,7.63948952,79
2026-01-26 12:35:00+00:00,87735.0,87738.0,87700.0,87700.0,87737.2,3.34861220,85
2026-01-26 12:40:00+00:00,87700.0,87700.1,87626.9,87660.4,87667.0,2.66604037,106
2026-01-26 12:45:00+00:00,87660.3,87679.4,87660.3,87663.7,87665.1,1.05932264,76
2026-01-26 12:50:00+00:00,87663.6,87713.1,87663.6,87713.0,87682.9,0.11107156,46
2026-01-26 12:55:00+00:00,87713.1,87724.1,87684.8,87695.1,87706.0,0.47508999,75
2026-01-26 13:00:00+00:00,87695.1,87761.9,87635.7,87635.8,87707.5,2.74178523,152
2026-01-26 13:05:00+00:00,87635.7,87660.9,87619.1,87619.1,87648.5,1.39789475,95
2026-01-26 13:10:00+00:00,87619.0,87749.9,87601.1,87726.1,87650.2,0.79006736,127
2026-01-26 13:15:00+00:00,87726.1,87824.4,87722.6,87807.6,87787.4,1.56098846,122
2026-01-26 13:20:00+00:00,87807.6,87830.6,87807.5,87829.5,87824.0,0.71495895,102
2026-01-26 13:25:00+00:00,87829.5,87861.4,87810.0,87810.1,87846.3,20.41128849,142
2026-01-26 13:30:00+00:00,87810.1,87945.5,87794.0,87912.2,87905.4,3.66063699,164
2026-01-26 13:35:00+00:00,87912.2,87944.2,87816.1,87872.9,87893.8,1.21229426,108
2026-01-26 13:40:00+00:00,87872.9,87926.3,87872.9,87922.5,87911.6,0.22626852,81
2026-01-26 13:45:00+00:00,87922.5,87922.6,87872.9,87872.9,87907.1,0.41452381,88
2026-01-26 13:50:00+00:00,87873.0,87907.3,87844.2,87877.8,87883.7,0.37597543,110
2026-01-26 13:55:00+00:00,87877.9,87877.9,87864.0,87874.0,87873.7,2.57776250,129
2026-01-26 14:00:00+00:00,87874.0,87876.9,87810.0,87839.8,87864.1,1.23753137,192
2026-01-26 14:05:00+00:00,87867.7,87904.0,87774.2,87774.2,87840.0,4.97633130,193
2026-01-26 14:10:00+00:00,87756.2,87756.2,87570.7,87598.8,87627.8,3.30331579,203
2026-01-26 14:15:00+00:00,87598.9,87723.9,87581.1,87581.3,87672.9,8.18401078,198
2026-01-26 14:20:00+00:00,87584.1,87597.5,87553.9,87597.5,87579.3,3.10784953,129
2026-01-26 14:25:00+00:00,87597.5,87690.5,87569.6,87569.7,87635.0,6.47746474,202
2026-01-26 14:30:00+00:00,87569.8,87900.5,87375.0,87805.2,87694.5,19.42631453,600
2026-01-26 14:35:00+00:00,87805.3,88178.9,87805.3,88020.8,88020.2,31.91336779,603
2026-01-26 14:40:00+00:00,88020.8,88400.0,87969.9,88070.2,88185.5,29.96298291,585
2026-01-26 14:45:00+00:00,88054.1,88196.8,87971.0,87971.0,88097.3,3.63916553,280
2026-01-26 14:50:00+00:00,87971.0,87971.0,87743.2,87761.9,87801.6,11.59366792,262
2026-01-26 14:55:00+00:00,87761.9,88138.6,87761.9,88103.3,87953.2,10.99194628,343
2026-01-26 15:00:00+00:00,88103.4,88173.8,87976.0,88163.1,88087.6,2.62501498,268
2026-01-26 15:05:00+00:00,88163.2,88185.4,88092.7,88185.4,88156.7,3.01622801,238
2026-01-26 15:10:00+00:00,88185.4,88695.6,88086.0,88645.3,88488.4,27.34863672,793
2026-01-26 15:15:00+00:00,88645.3,88747.4,88538.2,88600.1,88640.5,37.97379636,513
2026-01-26 15:20:00+00:00,88600.1,88600.1,88400.0,88435.1,88544.1,13.07421902,298
2026-01-26 15:25:00+00:00,88435.0,88435.0,88269.7,88406.8,88343.7,10.53937006,233
2026-01-26 15:30:00+00:00,88406.8,88406.8,88116.1,88255.0,88251.9,15.87569944,343
2026-01-26 15:35:00+00:00,88255.0,88269.1,88116.2,88118.1,88231.7,4.16696870,251
2026-01-26 15:40:00+00:00,88153.3,88153.3,87303.3,87385.9,87540.7,34.73332925,820
2026-01-26 15:45:00+00:00,87385.9,87515.0,87207.0,87515.0,87340.1,20.38640667,499
2026-01-26 15:50:00+00:00,87515.0,87616.0,87423.2,87464.7,87539.9,6.09198570,354
2026-01-26 15:55:00+00:00,87464.7,87594.9,87464.7,87545.3,87528.8,2.58482761,214
2026-01-26 16:00:00+00:00,87545.3,87669.5,87441.3,87547.4,87552.2,9.23406905,372
2026-01-26 16:05:00+00:00,87547.4,87547.4,87220.0,87266.4,87387.4,7.20240510,327
2026-01-26 16:10:00+00:00,87266.3,87324.9,87171.0,87309.1,87211.9,11.16431180,268
2026-01-26 16:15:00+00:00,87309.0,87362.7,87133.0,87362.7,87172.9,9.14248753,322
2026-01-26 16:20:00+00:00,87362.7,87846.7,87362.7,87741.2,87608.4,3.06734697,381
2026-01-26 16:25:00+00:00,87741.2,87800.0,87588.3,87604.7,87721.0,18.87468599,252
2026-01-26 16:30:00+00:00,87604.7,87678.6,87519.4,87585.6,87621.9,1.82346651,216
2026-01-26 16:35:00+00:00,87585.7,87597.9,87429.0,87429.1,87495.2,20.22278890,356
2026-01-26 16:40:00+00:00,87429.0,87494.4,87331.0,87355.9,87429.1,13.58428579,253
2026-01-26 16:45:00+00:00,87356.0,87762.0,87326.2,87737.6,87534.5,2.91410179,321
2026-01-26 16:50:00+00:00,87762.1,87829.6,87695.6,87741.9,87741.9,11.99377366,295
2026-01-26 16:55:00+00:00,87741.9,87741.9,87531.6,87531.7,87638.4,1.89343208,225
2026-01-26 17:00:00+00:00,87531.7,87683.5,87467.2,87683.4,87632.6,14.03745722,260
2026-01-26 17:05:00+00:00,87655.3,87669.6,87422.1,87430.7,87532.2,2.65482487,199
2026-01-26 17:10:00+00:00,87456.5,87456.5,87311.0,87348.9,87381.1,22.77299043,273
2026-01-26 17:15:00+00:00,87348.9,87423.8,87124.4,87160.6,87257.3,24.48638831,306
2026-01-26 17:20:00+00:00,87160.5,87373.1,87158.1,87284.9,87314.8,7.89320929,329
2026-01-26 17:25:00+00:00,87285.0,87427.3,87284.9,87311.0,87404.1,16.98226714,233
2026-01-26 17:30:00+00:00,87311.0,87311.0,86950.7,87133.6,87050.4,27.50195615,556
2026-01-26 17:35:00+00:00,87138.6,87502.6,87138.5,87469.4,87371.2,6.43040412,269
2026-01-26 17:40:00+00:00,87469.4,87495.4,87406.2,87432.0,87462.2,12.11029934,148
2026-01-26 17:45:00+00:00,87432.0,87498.7,87427.3,87498.6,87461.8,0.63242729,162
2026-01-26 17:50:00+00:00,87498.7,87653.8,87473.6,87642.5,87553.6,15.26330463,359
2026-01-26 17:55:00+00:00,87642.5,87647.4,87585.9,87600.0,87597.8,2.75112843,180
2026-01-26 18:00:00+00:00,87600.0,87724.5,87570.0,87678.1,87669.9,16.14245389,258
2026-01-26 18:05:00+00:00,87678.1,87716.4,87586.3,87716.4,87647.7,11.79362834,203
2026-01-26 18:10:00+00:00,87716.3,87758.9,87715.1,87747.3,87725.7,2.43525012,247
2026-01-26 18:15:00+00:00,87747.2,87984.0,87660.8,87861.7,87896.1,11.31100224,337
2026-01-26 18:20:00+00:00,87855.0,87861.6,87707.5,87843.9,87834.8,9.40244786,277
2026-01-26 18:25:00+00:00,87848.9,88015.6,87815.6,88009.0,87972.7,7.76372916,293
2026-01-26 18:30:00+00:00,88009.1,88200.0,87990.0,88145.7,88136.0,11.55157843,429
2026-01-26 18:35:00+00:00,88145.7,88248.9,88011.1,88050.6,88070.3,16.32498234,340
2026-01-26 18:40:00+00:00,88050.7,88130.9,87908.3,87910.5,88017.7,20.16540843,329
2026-01-26 18:45:00+00:00,87919.9,88078.1,87853.0,88078.1,87927.3,2.77976482,272
2026-01-26 18:50:00+00:00,88078.1,88172.4,88078.1,88172.4,88121.7,3.14937333,218
2026-01-26 18:55:00+00:00,88172.4,88311.5,88124.4,88311.5,88219.3,4.26694489,268
2026-01-26 19:00:00+00:00,88311.8,88459.4,88285.3,88286.8,88389.3,21.07003286,477
2026-01-26 19:05:00+00:00,88286.8,88336.1,88228.4,88323.6,88305.7,1.91591060,233
2026-01-26 19:10:00+00:00,88323.6,88330.0,88240.9,88287.0,88278.5,7.33761801,313
2026-01-26 19:15:00+00:00,88287.0,88322.7,88166.3,88222.0,88247.3,3.64933462,233
2026-01-26 19:20:00+00:00,88242.3,88242.3,88040.7,88076.9,88100.4,4.19947466,182
2026-01-26 19:25:00+00:00,88077.0,88136.7,88055.4,88077.6,88114.8,34.36497961,212
2026-01-26 19:30:00+00:00,88077.5,88118.5,88016.3,88118.4,88057.0,6.57456688,219
2026-01-26 19:35:00+00:00,88111.6,88187.3,88015.0,88187.3,88047.5,26.99183044,289
2026-01-26 19:40:00+00:00,88187.3,88239.1,88164.1,88171.9,88193.8,1.69795027,179
2026-01-26 19:45:00+00:00,88172.0,88173.6,88061.3,88086.2,88140.3,2.74938898,208
2026-01-26 19:50:00+00:00,88086.3,88086.3,87857.4,87857.5,87997.6,3.54851452,164
2026-01-26 19:55:00+00:00,87857.5,87931.5,87857.5,87914.8,87917.6,2.85633183,164
2026-01-26 20:00:00+00:00,87914.8,87977.3,87879.9,87941.4,87956.8,4.23407146,261
2026-01-26 20:05:00+00:00,87941.6,88011.3,87880.0,87895.4,87971.7,5.28695694,227
2026-01-26 20:10:00+00:00,87895.3,87895.4,87825.0,87825.1,87844.7,10.80542986,290
2026-01-26 20:15:00+00:00,87825.1,87828.9,87721.1,87828.9,87794.6,7.53771533,261
2026-01-26 20:20:00+00:00,87828.8,87922.0,87763.1,87763.2,87824.8,7.98509547,345
2026-01-26 20:25:00+00:00,87763.2,87798.3,87720.3,87777.7,87774.0,5.06686850,225
2026-01-26 20:30:00+00:00,87777.8,87798.2,87690.8,87702.6,87748.5,4.82339415,218
2026-01-26 20:35:00+00:00,87702.5,87721.1,87683.0,87721.0,87701.8,3.32932789,149
2026-01-26 20:40:00+00:00,87721.1,87721.1,87678.4,87693.1,87691.6,0.55759541,127
2026-01-26 20:45:00+00:00,87693.0,87729.4,87636.2,87636.3,87689.1,0.71088466,164
2026-01-26 20:50:00+00:00,87636.2,87636.2,87491.6,87491.7,87553.0,11.43106876,291
2026-01-26 20:55:00+00:00,87491.6,87521.1,87452.8,87514.2,87465.8,3.63173929,208
2026-01-26 21:00:00+00:00,87514.3,87533.7,87491.9,87497.5,87517.5,1.06276910,167
2026-01-26 21:05:00+00:00,87497.5,87676.4,87497.4,87630.2,87648.6,14.99484632,182
2026-01-26 21:10:00+00:00,87630.3,87746.5,87630.2,87746.5,87668.3,3.38635333,196
2026-01-26 21:15:00+00:00,87746.5,87791.6,87743.0,87766.9,87774.3,4.53379070,208
2026-01-26 21:20:00+00:00,87766.9,87766.9,87668.9,87728.1,87697.7,1.63033890,140
2026-01-26 21:25:00+00:00,87755.5,87825.2,87746.8,87825.2,87781.7,7.19772980,159
2026-01-26 21:30:00+00:00,87825.2,87926.1,87793.0,87810.2,87836.1,2.40592969,213
2026-01-26 21:35:00+00:00,87810.2,87867.4,87783.8,87803.8,87821.3,3.83945790,156
2026-01-26 21:40:00+00:00,87803.9,88141.9,87803.8,88036.7,88035.8,18.33086593,387
2026-01-26 21:45:00+00:00,88036.6,88060.4,87916.4,87961.0,87993.8,4.43409202,166
2026-01-26 21:50:00+00:00,87961.0,88033.3,87961.0,88033.3,88002.2,1.73049733,157
2026-01-26 21:55:00+00:00,88033.3,88040.2,87961.1,87961.2,87985.8,2.10624675,138
2026-01-26 22:00:00+00:00,87961.2,88033.9,87941.2,88033.8,87982.9,5.27563199,209
2026-01-26 22:05:00+00:00,88033.7,88033.8,87948.1,87948.1,87986.5,0.23150581,89
2026-01-26 22:10:00+00:00,87948.0,88040.2,87941.3,88008.6,87951.1,12.69872675,179
2026-01-26 22:15:00+00:00,88008.6,88040.1,87950.1,87950.1,87981.5,1.68641858,150
2026-01-26 22:20:00+00:00,87950.0,87979.1,87897.9,87979.1,87916.9,9.18248982,142
2026-01-26 22:25:00+00:00,87979.0,87994.1,87906.1,87994.1,87957.8,1.38967073,115
2026-01-26 22:30:00+00:00,87994.1,88124.1,87957.8,88110.0,88040.6,3.34627830,223
2026-01-26 22:35:00+00:00,88124.1,88174.2,88077.4,88098.8,88149.9,4.25222226,195
2026-01-26 22:40:00+00:00,88098.7,88098.7,88010.6,88021.2,88037.8,1.38235523,128
2026-01-26 22:45:00+00:00,88021.2,88139.6,88021.2,88022.6,88086.6,2.97953810,126
2026-01-26 22:50:00+00:00,88022.7,88134.2,88022.7,88087.8,88073.0,1.65346242,148
2026-01-26 22:55:00+00:00,88087.8,88087.8,88025.9,88043.1,88052.3,2.28120946,147
2026-01-26 23:00:00+00:00,88037.4,88045.4,87944.6,87959.6,88005.4,8.32467854,201
2026-01-26 23:05:00+00:00,87959.6,88052.9,87946.9,88022.4,88022.4,2.49528944,145
2026-01-26 23:10:00+00:00,88022.4,88077.1,88022.3,88077.1,88061.8,1.79447059,119
2026-01-26 23:15:00+00:00,88077.1,88100.2,88041.6,88100.2,88083.7,1.97437945,170
2026-01-26 23:20:00+00:00,88100.1,88256.8,88100.1,88250.1,88177.7,8.41150065,263
2026-01-26 23:25:00+00:00,88250.1,88339.1,88250.1,88339.1,88279.3,2.92703648,157
2026-01-26 23:30:00+00:00,88339.2,88520.3,88339.2,88451.6,88438.5,7.57190517,291
2026-01-26 23:35:00+00:00,88451.6,88534.9,88451.5,88513.2,88512.9,12.08078777,198
2026-01-26 23:40:00+00:00,88513.2,88534.9,88450.0,88450.0,88510.6,4.02285475,104
2026-01-26 23:45:00+00:00,88450.2,88450.2,88393.9,88393.9,88416.4,10.53484858,154
2026-01-26 23:50:00+00:00,88394.0,88394.0,88306.1,88308.9,88382.7,2.18966597,142
2026-01-26 23:55:00+00:00,88308.9,88308.9,88247.3,88247.4,88278.9,4.34647071,118
2026-01-27 00:00:00+00:00,88247.4,88299.7,88180.2,88180.3,88233.8,11.36122809,239
2026-01-27 00:05:00+00:00,88180.2,88180.2,88121.4,88121.4,88150.0,0.64568263,96
2026-01-27 00:10:00+00:00,88121.4,88150.9,88121.4,88140.4,88127.4,0.26560374,102
2026-01-27 00:15:00+00:00,88140.4,88222.8,88136.8,88215.4,88210.0,4.70865132,207
2026-01-27 00:20:00+00:00,88215.5,88349.9,88215.4,88327.0,88221.7,7.41398338,206
2026-01-27 00:25:00+00:00,88326.9,88327.0,88298.2,88298.3,88316.6,2.01423034,103
2026-01-27 00:30:00+00:00,88298.3,88298.3,88260.8,88288.4,88276.4,0.65533597,126
2026-01-27 00:35:00+00:00,88288.4,88288.4,88170.9,88171.0,88208.6,0.37697726,77
2026-01-27 00:40:00+00:00,88171.0,88200.0,88171.0,88200.0,88183.1,0.21596116,56
2026-01-27 00:45:00+00:00,88200.0,88200.0,88163.7,88163.8,88182.5,0.56768282,87
2026-01-27 00:50:00+00:00,88163.7,88299.3,88158.0,88265.9,88194.4,2.47336110,142
2026-01-27 00:55:00+00:00,88265.9,88265.9,88232.5,88256.1,88240.8,0.37085475,93
2026-01-27 01:00:00+00:00,88256.1,88256.1,88132.4,88132.4,88247.9,1.13272995,86
2026-01-27 01:05:00+00:00,88132.5,88132.5,88096.8,88099.8,88103.5,0.65484857,115
2026-01-27 01:10:00+00:00,88099.8,88153.5,88099.8,88149.9,88144.0,1.25887982,96
2026-01-27 01:15:00+00:00,88150.0,88184.2,88135.1,88173.9,88149.6,12.94146132,133
2026-01-27 01:20:00+00:00,88174.0,88309.9,88173.9,88294.7,88250.5,10.74188095,194
2026-01-27 01:25:00+00:00,88294.7,88345.6,88294.6,88345.6,88322.2,0.16900584,85
2026-01-27 01:30:00+00:00,88345.6,88513.2,88306.3,88500.5,88397.1,10.95489712,273
2026-01-27 01:35:00+00:00,88500.5,88577.7,88438.7,88563.2,88555.2,1.88460196,223
2026-01-27 01:40:00+00:00,88563.2,88563.2,88458.2,88529.2,88495.2,1.90526821,192
2026-01-27 01:45:00+00:00,88529.2,88577.7,88497.1,88530.7,88509.5,11.04677836,171
2026-01-27 01:50:00+00:00,88530.7,88530.8,88445.4,88445.5,88477.5,0.82060553,104
2026-01-27 01:55:00+00:00,88445.5,88460.9,88416.1,88451.4,88422.6,1.36016135,118
2026-01-27 02:00:00+00:00,88451.4,88663.4,88451.3,88663.4,88586.9,3.19427311,283
2026-01-27 02:05:00+00:00,88663.4,88663.4,88658.1,88663.4,88662.9,0.30950708,85
2026-01-27 02:10:00+00:00,88663.4,88663.4,88529.1,88587.0,88580.1,6.25578325,178
2026-01-27 02:15:00+00:00,88587.0,88617.5,88546.4,88577.8,88604.0,1.89690140,116
2026-01-27 02:20:00+00:00,88577.8,88577.8,88529.2,88529.2,88546.5,0.18603905,81
2026-01-27 02:25:00+00:00,88529.2,88529.2,88455.2,88478.6,88482.7,3.79111552,118
2026-01-27 02:30:00+00:00,88451.4,88536.8,88451.4,88536.8,88510.7,0.84725510,107
2026-01-27 02:35:00+00:00,88536.8,88631.6,88536.7,88631.6,88566.7,0.87334017,110
2026-01-27 02:40:00+00:00,88631.6,88700.9,88615.2,88615.3,88666.9,2.70488380,148
2026-01-27 02:45:00+00:00,88615.3,88666.9,88615.2,88666.2,88631.7,0.13630399,88
2026-01-27 02:50:00+00:00,88666.1,88670.0,88643.5,88645.0,88650.3,0.28344119,95
2026-01-27 02:55:00+00:00,88644.9,88747.0,88643.5,88712.8,88690.9,0.87841111,171
2026-01-27 03:00:00+00:00,88712.8,88774.3,88681.8,88743.0,88739.4,2.20776891,209
2026-01-27 03:05:00+00:00,88743.0,88743.0,88599.0,88599.1,88730.1,3.38923528,126
2026-01-27 03:10:00+00:00,88599.0,88599.0,88483.5,88496.1,88514.3,2.33614002,123
2026-01-27 03:15:00+00:00,88521.1,88586.2,88505.7,88505.7,88516.1,2.83137349,136
2026-01-27 03:20:00+00:00,88505.7,88610.8,88505.6,88604.3,88524.9,1.79298441,115
2026-01-27 03:25:00+00:00,88604.6,88608.0,88604.5,88608.0,88604.7,0.32142174,62
2026-01-27 03:30:00+00:00,88608.0,88617.0,88570.1,88614.0,88604.5,1.37408205,89
2026-01-27 03:35:00+00:00,88614.0,88706.6,88613.9,88706.6,88628.9,1.60723267,111
2026-01-27 03:40:00+00:00,88706.6,88706.6,88662.3,88692.9,88690.8,0.29534879,75
2026-01-27 03:45:00+00:00,88692.9,88692.9,88654.2,88654.3,88690.3,1.20844818,79
2026-01-27 03:50:00+00:00,88654.2,88654.3,88601.9,88631.1,88613.3,2.89574690,102
2026-01-27 03:55:00+00:00,88631.2,88654.3,88604.4,88654.3,88626.4,0.80279721,105
2026-01-27 04:00:00+00:00,88668.2,88671.9,88621.8,88655.2,88646.1,0.64399169,127
2026-01-27 04:05:00+00:00,88655.2,88726.2,88592.9,88726.2,88636.6,4.57391378,158
2026-01-27 04:10:00+00:00,88726.3,88903.1,88705.1,88705.1,88796.4,35.16762122,389
2026-01-27 04:15:00+00:00,88705.1,88731.1,88685.8,88702.1,88708.2,1.27848708,109
2026-01-27 04:20:00+00:00,88702.0,88765.2,88702.0,88765.2,88726.1,0.27951857,107
2026-01-27 04:25:00+00:00,88765.2,88765.2,88668.7,88700.7,88685.1,3.81018148,172
2026-01-27 04:30:00+00:00,88700.6,88700.7,88700.6,88700.7,88700.6,0.13051353,67
2026-01-27 04:35:00+00:00,88700.7,88700.7,88645.1,88665.6,88649.6,3.30966844,103
2026-01-27 04:40:00+00:00,88665.6,88665.6,88571.7,88571.8,88605.5,0.52820770,132
2026-01-27 04:45:00+00:00,88571.8,88571.8,88506.2,88506.3,88533.9,8.77474003,117
2026-01-27 04:50:00+00:00,88506.3,88506.3,88392.1,88430.1,88429.8,4.23247884,146
2026-01-27 04:55:00+00:00,88430.1,88468.2,88430.1,88466.9,88463.9,0.20953788,81
2026-01-27 05:00:00+00:00,88466.9,88466.9,88466.8,88466.8,88466.8,0.11346128,98
2026-01-27 05:05:00+00:00,88466.8,88466.9,88367.3,88367.3,88415.8,0.39340189,94
2026-01-27 05:10:00+00:00,88367.3,88367.4,88324.0,88324.0,88346.9,5.00686518,106
2026-01-27 05:15:00+00:00,88324.1,88355.0,88291.1,88294.2,88314.6,1.18366083,76
2026-01-27 05:20:00+00:00,88294.2,88363.3,88294.1,88363.3,88298.0,0.62196957,74
2026-01-27 05:25:00+00:00,88363.4,88378.0,88350.0,88377.9,88365.6,0.49190853,92
2026-01-27 05:30:00+00:00,88378.0,88428.0,88378.0,88427.9,88399.1,0.39907176,71
2026-01-27 05:35:00+00:00,88428.0,88428.0,88396.1,88422.6,88409.1,0.33151849,79
2026-01-27 05:40:00+00:00,88422.5,88428.0,88378.5,88378.5,88416.0,1.12413885,94
2026-01-27 05:45:00+00:00,88378.5,88428.0,88378.4,88406.2,88396.7,0.45306914,82
2026-01-27 05:50:00+00:00,88406.2,88406.2,88337.7,88337.7,88349.7,1.60501082,81
2026-01-27 05:55:00+00:00,88331.7,88331.7,88320.0,88331.7,88320.9,0.85801930,66
2026-01-27 06:00:00+00:00,88331.7,88446.0,88331.6,88370.6,88424.8,4.63414573,148
2026-01-27 06:05:00+00:00,88370.7,88381.6,88334.6,88381.6,88351.7,0.22695216,75
2026-01-27 06:10:00+00:00,88381.5,88402.7,88364.8,88364.8,88370.8,6.20954902,98
2026-01-27 06:15:00+00:00,88364.9,88382.5,88362.1,88374.2,88376.0,0.85381596,81
2026-01-27 06:20:00+00:00,88374.2,88376.5,88362.1,88376.4,88372.1,0.35707210,89
2026-01-27 06:25:00+00:00,88376.4,88376.4,88274.4,88274.5,88312.2,0.80160010,98
2026-01-27 06:30:00+00:00,88274.5,88274.5,88200.0,88200.8,88224.7,0.39283158,117
2026-01-27 06:35:00+00:00,88200.8,88220.0,88200.7,88219.9,88209.4,0.32791403,88
2026-01-27 06:40:00+00:00,88220.0,88220.0,88184.8,88184.8,88216.8,1.31630644,76
2026-01-27 06:45:00+00:00,88174.2,88220.0,88168.3,88220.0,88204.2,0.63492409,79
2026-01-27 06:50:00+00:00,88220.0,88220.0,88171.6,88191.6,88180.7,0.91922225,67
2026-01-27 06:55:00+00:00,88191.6,88214.4,88191.5,88214.4,88202.5,0.20002947,61
2026-01-27 07:00:00+00:00,88214.4,88300.0,88214.3,88300.0,88258.2,0.88000396,118
2026-01-27 07:05:00+00:00,88299.9,88365.2,88299.9,88365.2,88310.6,1.21868341,85
2026-01-27 07:10:00+00:00,88365.1,88368.4,88365.1,88368.3,88365.2,23.34172782,147
2026-01-27 07:15:00+00:00,88368.4,88378.1,88348.9,88348.9,88372.0,0.39134444,85
2026-01-27 07:20:00+00:00,88348.8,88378.1,88321.9,88365.8,88353.6,1.36799287,82
2026-01-27 07:25:00+00:00,88365.9,88391.4,88346.5,88391.3,88361.0,1.31101476,111
2026-01-27 07:30:00+00:00,88391.4,88451.5,88391.4,88444.3,88439.4,0.23551033,86
2026-01-27 07:35:00+00:00,88444.3,88446.9,88416.4,88428.7,88422.3,4.06253983,77
2026-01-27 07:40:00+00:00,88428.7,88428.7,88346.5,88346.5,88392.8,0.46835879,91
2026-01-27 07:45:00+00:00,88346.5,88346.6,88253.5,88265.1,88267.6,4.54643522,122
2026-01-27 07:50:00+00:00,88265.7,88288.2,88238.4,88238.4,88270.0,1.06882169,105
2026-01-27 07:55:00+00:00,88238.5,88238.5,88216.0,88216.1,88223.5,0.23609116,69
2026-01-27 08:00:00+00:00,88216.1,88269.4,88209.2,88239.3,88236.2,1.48929292,196
2026-01-27 08:05:00+00:00,88239.3,88266.9,88239.2,88266.8,88244.6,1.22862556,69
2026-01-27 08:10:00+00:00,88254.0,88254.0,88228.1,88254.0,88244.6,7.22515969,155
2026-01-27 08:15:00+00:00,88254.0,88289.6,88243.8,88243.8,88246.2,1.11995159,76
2026-01-27 08:20:00+00:00,88243.9,88254.1,88154.8,88154.8,88211.5,4.65022419,161
2026-01-27 08:25:00+00:00,88154.7,88154.8,88125.6,88128.6,88153.1,2.15399150,82
2026-01-27 08:30:00+00:00,88128.6,88174.1,88103.7,88165.9,88137.8,1.28081289,136
2026-01-27 08:35:00+00:00,88166.0,88194.0,88135.7,88135.7,88189.5,0.13051810,85
2026-01-27 08:40:00+00:00,88135.6,88152.7,88106.5,88111.7,88144.9,0.47156705,82
2026-01-27 08:45:00+00:00,88111.8,88111.8,88000.1,88000.2,88059.2,0.62451707,135
2026-01-27 08:50:00+00:00,88000.2,88087.2,88000.1,88087.1,88019.9,0.46084158,73
2026-01-27 08:55:00+00:00,88087.2,88087.2,88060.3,88060.5,88070.9,0.54080087,63
2026-01-27 09:00:00+00:00,88060.5,88060.5,87984.0,87984.0,88003.3,1.29959303,94
2026-01-27 09:05:00+00:00,87984.0,87984.1,87889.1,87889.1,87940.9,5.05761547,101
2026-01-27 09:10:00+00:00,87889.0,87959.0,87889.0,87896.2,87921.6,3.83580115,156
2026-01-27 09:15:00+00:00,87896.2,87938.0,87857.6,87896.6,87890.1,1.05531028,103
2026-01-27 09:20:00+00:00,87896.6,87911.9,87883.5,87894.0,87892.6,0.81312577,96
2026-01-27 09:25:00+00:00,87894.0,87914.1,87883.5,87883.5,87910.3,2.01392206,75
2026-01-27 09:30:00+00:00,87883.6,87883.6,87825.8,87825.8,87839.5,2.13163584,111
2026-01-27 09:35:00+00:00,87825.7,87931.6,87820.8,87931.5,87831.9,0.91390646,91
2026-01-27 09:40:00+00:00,87915.8,87915.8,87872.8,87895.6,87907.2,0.55842190,90
2026-01-27 09:45:00+00:00,87895.6,87924.2,87859.8,87872.7,87875.8,1.74493417,94
2026-01-27 09:50:00+00:00,87872.7,87872.8,87822.7,87822.8,87841.7,3.90358774,108
2026-01-27 09:55:00+00:00,87822.8,87822.8,87752.0,87759.9,87770.1,2.79728135,125
2026-01-27 10:00:00+00:00,87759.9,87846.6,87759.8,87833.4,87795.3,0.38885731,112
2026-01-27 10:05:00+00:00,87833.5,87851.9,87833.5,87846.6,87851.0,0.58901152,63
2026-01-27 10:10:00+00:00,87846.6,87911.7,87846.5,87865.4,87866.9,2.93332229,97
2026-01-27 10:15:00+00:00,87865.4,87909.3,87865.4,87909.1,87903.6,0.08579535,43
2026-01-27 10:20:00+00:00,87909.1,87930.8,87859.4,87879.2,87915.1,0.26021978,72
2026-01-27 10:25:00+00:00,87879.2,87879.3,87868.6,87875.7,87874.1,11.62853211,74
2026-01-27 10:30:00+00:00,87875.7,87875.7,87759.8,87759.9,87802.0,0.19798846,87
2026-01-27 10:35:00+00:00,87759.9,87762.9,87695.7,87695.7,87750.0,16.11673842,166
2026-01-27 10:40:00+00:00,87695.8,87752.2,87688.8,87688.9,87701.3,0.70339564,72
2026-01-27 10:45:00+00:00,87688.8,87716.8,87688.8,87692.0,87713.5,6.24581251,131
2026-01-27 10:50:00+00:00,87691.9,87692.0,87636.3,87663.2,87663.2,0.90921565,131
2026-01-27 10:55:00+00:00,87663.2,87692.0,87639.4,87656.1,87674.1,0.13208385,77
2026-01-27 11:00:00+00:00,87656.1,87691.2,87636.2,87674.8,87667.6,0.35462002,108
2026-01-27 11:05:00+00:00,87674.9,87752.2,87674.9,87729.7,87699.2,4.05178889,134
2026-01-27 11:10:00+00:00,87729.7,87772.8,87712.1,87772.8,87746.8,0.72307527,67
2026-01-27 11:15:00+00:00,87772.7,87772.8,87727.0,87727.0,87761.8,0.10611633,54
2026-01-27 11:20:00+00:00,87726.9,87727.0,87682.4,87682.5,87703.4,0.33004470,53
2026-01-27 11:25:00+00:00,87682.5,87747.8,87682.5,87747.0,87731.4,2.61262185,109
2026-01-27 11:30:00+00:00,87747.0,87871.7,87746.9,87859.9,87796.9,0.16434813,78
2026-01-27 11:35:00+00:00,87859.9,87877.7,87833.8,87838.8,87861.6,1.89166622,75
2026-01-27 11:40:00+00:00,87838.7,87932.2,87838.7,87932.2,87879.4,1.41624923,79
2026-01-27 11:45:00+00:00,87932.0,87937.7,87892.0,87920.1,87930.0,1.49955276,95
2026-01-27 11:50:00+00:00,87920.1,87976.4,87920.1,87933.2,87951.4,1.99758850,139
2026-01-27 11:55:00+00:00,87933.3,87933.3,87874.5,87874.6,87916.8,0.73140914,83
2026-01-27 12:00:00+00:00,87874.6,87881.5,87856.0,87878.7,87858.3,1.20283589,108
2026-01-27 12:05:00+00:00,87878.7,87885.9,87850.0,87885.9,87876.6,0.76783680,70
2026-01-27 12:10:00+00:00,87885.9,87954.3,87885.8,87954.3,87906.5,0.44907416,66
2026-01-27 12:15:00+00:00,87954.2,87988.5,87954.2,87988.5,87974.4,0.24244419,52
2026-01-27 12:20:00+00:00,87988.4,88034.5,87988.4,88008.1,88003.7,1.24810052,108
2026-01-27 12:25:00+00:00,88008.0,88008.1,87917.2,87917.3,87940.6,0.99989629,92
2026-01-27 12:30:00+00:00,87917.2,87922.3,87889.6,87922.3,87916.5,2.93720108,103
2026-01-27 12:35:00+00:00,87922.3,87930.2,87903.3,87903.4,87914.0,0.13254711,41
2026-01-27 12:40:00+00:00,87903.4,87903.4,87885.8,87885.9,87892.8,0.63335383,62
2026-01-27 12:45:00+00:00,87885.8,87885.8,87868.3,87868.3,87875.9,0.39828066,78
2026-01-27 12:50:00+00:00,87868.3,87902.0,87868.3,87880.0,87880.7,0.36444277,92
2026-01-27 12:55:00+00:00,87880.0,87880.1,87838.7,87847.9,87845.0,0.92626925,95
2026-01-27 13:00:00+00:00,87847.9,87881.2,87847.9,87881.1,87859.6,0.74431728,112
2026-01-27 13:05:00+00:00,87881.1,87881.2,87800.1,87800.2,87847.0,0.44837607,81
2026-01-27 13:10:00+00:00,87800.2,87800.2,87789.5,87789.6,87798.0,0.75521705,95
2026-01-27 13:15:00+00:00,87789.5,87789.6,87705.7,87716.7,87743.6,1.30452031,131
2026-01-27 13:20:00+00:00,87716.8,87741.2,87682.4,87741.2,87706.3,1.51683193,142
2026-01-27 13:25:00+00:00,87754.1,87754.1,87682.6,87689.3,87727.4,1.37388697,127
2026-01-27 13:30:00+00:00,87689.2,87788.9,87682.5,87788.9,87689.9,3.78178700,148
2026-01-27 13:35:00+00:00,87789.0,87917.2,87789.0,87903.6,87861.5,4.91648219,118
2026-01-27 13:40:00+00:00,87903.6,87942.7,87885.9,87910.9,87911.1,4.01867455,201
2026-01-27 13:45:00+00:00,87910.9,87914.9,87753.4,87760.3,87836.5,0.80632012,129
2026-01-27 13:50:00+00:00,87760.3,87858.7,87760.3,87858.7,87821.0,0.56330782,112
2026-01-27 13:55:00+00:00,87858.7,87865.6,87838.2,87838.3,87859.0,0.22644998,88
2026-01-27 14:00:00+00:00,87838.3,87948.5,87838.3,87930.9,87871.8,0.47492689,122
2026-01-27 14:05:00+00:00,87930.8,87930.9,87883.6,87902.0,87895.2,0.70773069,97
2026-01-27 14:10:00+00:00,87902.1,88174.1,87902.1,88174.1,88103.2,17.14334055,320
2026-01-27 14:15:00+00:00,88174.1,88314.1,88156.5,88156.7,88216.6,11.17486014,368
2026-01-27 14:20:00+00:00,88156.6,88175.5,88097.8,88175.5,88144.4,1.83418291,218
2026-01-27 14:25:00+00:00,88175.5,88220.0,88113.3,88140.9,88168.2,0.50240111,161
2026-01-27 14:30:00+00:00,88141.0,88199.9,87943.1,87986.9,88053.3,7.69855685,398
2026-01-27 14:35:00+00:00,87987.0,88050.0,87657.4,87700.0,87799.3,4.18146374,309
2026-01-27 14:40:00+00:00,87700.0,87870.1,87541.9,87541.9,87631.9,28.70839550,466
2026-01-27 14:45:00+00:00,87541.9,87723.9,87531.6,87710.9,87589.5,3.31246760,329
2026-01-27 14:50:00+00:00,87710.9,87711.0,87536.9,87687.9,87604.3,6.28196678,261
2026-01-27 14:55:00+00:00,87687.9,87804.0,87605.1,87605.1,87638.5,15.89124430,274
2026-01-27 15:00:00+00:00,87602.8,87769.3,87457.7,87656.2,87567.5,2.77465050,372
2026-01-27 15:05:00+00:00,87656.1,87772.8,87543.8,87772.7,87651.0,0.83335530,166
2026-01-27 15:10:00+00:00,87772.7,88044.8,87757.6,87843.2,87869.5,22.03245250,530
2026-01-27 15:15:00+00:00,87843.3,87878.6,87684.2,87720.7,87761.3,10.78101218,280
2026-01-27 15:20:00+00:00,87720.8,87720.8,87576.8,87615.1,87608.4,4.28580683,286
2026-01-27 15:25:00+00:00,87615.2,87758.8,87501.9,87502.0,87578.6,16.62095082,369
2026-01-27 15:30:00+00:00,87501.9,87603.8,87491.3,87568.3,87538.9,8.21492141,288
2026-01-27 15:35:00+00:00,87568.4,87705.9,87507.5,87638.8,87572.7,13.54583610,357
2026-01-27 15:40:00+00:00,87638.8,87664.9,87543.2,87574.3,87571.4,5.52419339,261
2026-01-27 15:45:00+00:00,87574.3,87893.0,87567.6,87844.5,87791.7,10.99637899,455
2026-01-27 15:50:00+00:00,87830.3,87830.4,87714.1,87779.1,87765.8,3.38059228,278
2026-01-27 15:55:00+00:00,87779.0,87941.2,87757.2,87912.9,87854.9,4.00448903,275
2026-01-27 16:00:00+00:00,87913.0,88163.6,87881.0,88074.5,87968.9,25.77874192,375
2026-01-27 16:05:00+00:00,88074.6,88450.0,88074.5,88350.9,88259.9,14.78695813,613
2026-01-27 16:10:00+00:00,88350.9,88574.1,88312.5,88312.5,88466.3,5.67032518,487
2026-01-27 16:15:00+00:00,88312.6,88417.9,88250.0,88393.0,88334.0,1.48248418,288
2026-01-27 16:20:00+00:00,88393.0,88499.4,88332.7,88350.2,88423.6,26.74071878,364
2026-01-27 16:25:00+00:00,88350.1,88350.2,88182.9,88246.2,88259.9,8.11005790,253
2026-01-27 16:30:00+00:00,88246.2,88603.2,88246.2,88518.3,88533.9,10.37248040,364
2026-01-27 16:35:00+00:00,88518.3,88559.3,88432.1,88554.6,88501.2,11.89716684,257
2026-01-27 16:40:00+00:00,88554.7,88675.9,88554.7,88657.5,88615.2,7.26963097,270
2026-01-27 16:45:00+00:00,88627.2,88705.7,88570.0,88657.1,88631.7,8.05380240,266
2026-01-27 16:50:00+00:00,88657.1,88657.4,88528.1,88557.8,88652.7,10.87372538,215
2026-01-27 16:55:00+00:00,88552.7,88576.1,88510.9,88515.2,88527.0,10.57988637,217
2026-01-27 17:00:00+00:00,88515.2,88569.3,88451.9,88485.8,88502.8,4.91771988,245
2026-01-27 17:05:00+00:00,88485.9,88485.9,88079.1,88079.1,88239.9,3.57167073,271
2026-01-27 17:10:00+00:00,88079.0,88139.8,87871.0,87889.9,88003.9,6.29032282,330
2026-01-27 17:15:00+00:00,87889.9,87889.9,87511.7,87517.4,87644.1,12.29359434,424
2026-01-27 17:20:00+00:00,87518.4,87656.1,87500.0,87647.4,87544.2,7.84887300,372
2026-01-27 17:25:00+00:00,87647.5,87836.6,87612.5,87791.6,87781.4,1.80476254,236
2026-01-27 17:30:00+00:00,87791.7,87878.6,87631.1,87658.7,87720.5,7.12932513,248
2026-01-27 17:35:00+00:00,87658.8,87722.1,87305.3,87510.8,87492.1,40.16097184,606
2026-01-27 17:40:00+00:00,87510.8,87510.8,87227.1,87251.9,87297.8,16.11808348,499
2026-01-27 17:45:00+00:00,87251.8,87373.8,87206.2,87327.2,87250.6,6.56390295,346
2026-01-27 17:50:00+00:00,87317.3,87423.9,87254.0,87366.7,87338.5,1.99596231,241
2026-01-27 17:55:00+00:00,87366.8,87446.2,87324.6,87432.0,87424.2,1.84201343,261
2026-01-27 18:00:00+00:00,87432.0,87741.5,87353.5,87685.5,87547.6,2.95197185,399
2026-01-27 18:05:00+00:00,87673.4,87673.4,87438.8,87472.8,87517.2,2.75446651,202
2026-01-27 18:10:00+00:00,87472.9,87598.8,87400.1,87519.6,87531.3,3.57872937,269
2026-01-27 18:15:00+00:00,87519.6,87710.5,87519.6,87668.2,87683.9,4.43380837,223
2026-01-27 18:20:00+00:00,87668.1,87822.2,87579.7,87710.6,87701.5,10.38736755,286
2026-01-27 18:25:00+00:00,87713.3,87792.3,87713.3,87749.2,87763.1,1.43491376,162
2026-01-27 18:30:00+00:00,87749.2,87825.7,87634.1,87634.2,87753.3,2.54479268,166
2026-01-27 18:35:00+00:00,87634.2,87720.4,87634.2,87674.2,87700.0,0.84132354,155
2026-01-27 18:40:00+00:00,87674.1,87784.1,87674.1,87704.4,87749.8,1.50694183,183
2026-01-27 18:45:00+00:00,87704.4,87838.8,87704.4,87822.5,87766.5,0.60036873,173
2026-01-27 18:50:00+00:00,87822.5,87878.4,87784.5,87878.4,87820.0,0.84814999,181
2026-01-27 18:55:00+00:00,87878.4,88368.1,87878.4,88157.8,88165.6,15.32793043,545
2026-01-27 19:00:00+00:00,88157.8,88198.9,88037.8,88052.7,88096.1,3.33530774,253
2026-01-27 19:05:00+00:00,88052.6,88052.7,87936.3,88018.6,87993.2,2.08832595,207
2026-01-27 19:10:00+00:00,88025.8,88096.4,87997.9,88090.6,88052.9,1.04493258,159
2026-01-27 19:15:00+00:00,88090.7,88188.9,88075.3,88188.9,88135.6,1.25722496,164
2026-01-27 19:20:00+00:00,88188.9,88222.9,88169.6,88177.4,88179.1,6.40082276,173
2026-01-27 19:25:00+00:00,88197.0,88197.0,88101.6,88116.0,88131.0,4.84129237,142
2026-01-27 19:30:00+00:00,88116.0,88157.9,88041.3,88104.0,88093.0,4.73096450,182
2026-01-27 19:35:00+00:00,88104.0,88228.3,88104.0,88225.7,88149.6,7.21817727,185
2026-01-27 19:40:00+00:00,88225.7,88400.0,88215.7,88399.9,88358.1,9.82870084,243
2026-01-27 19:45:00+00:00,88382.3,88382.3,88275.9,88343.6,88327.8,3.61966856,264
2026-01-27 19:50:00+00:00,88343.6,88350.0,88270.8,88279.6,88295.1,6.20164799,153
2026-01-27 19:55:00+00:00,88279.6,88301.8,88231.9,88268.5,88252.5,12.34340893,172
2026-01-27 20:00:00+00:00,88268.5,88407.3,88268.4,88405.0,88382.2,3.66370635,208
2026-01-27 20:05:00+00:00,88399.9,88524.0,88344.7,88524.0,88402.8,29.03627435,330
2026-01-27 20:10:00+00:00,88524.0,88619.7,88506.3,88619.6,88590.5,8.13078041,293
2026-01-27 20:15:00+00:00,88619.7,88821.9,88555.7,88747.2,88763.1,99.20154027,477
2026-01-27 20:20:00+00:00,88747.3,89078.2,88747.3,88928.8,88974.0,47.92083043,750
2026-01-27 20:25:00+00:00,88928.8,89032.0,88843.0,89031.9,88931.2,9.94242727,314
2026-01-27 20:30:00+00:00,89032.0,89032.0,88800.8,88981.8,88908.0,9.58613655,335
2026-01-27 20:35:00+00:00,88991.3,88991.4,88806.9,88807.0,88914.2,1.78284260,233
2026-01-27 20:40:00+00:00,88807.0,88831.3,88716.0,88806.9,88810.4,11.91807341,259
2026-01-27 20:45:00+00:00,88806.9,89356.4,88806.9,89332.8,89102.5,31.17861395,589
2026-01-27 20:50:00+00:00,89332.8,89345.2,89225.0,89321.1,89294.0,12.01599743,383
2026-01-27 20:55:00+00:00,89321.1,89321.2,89170.8,89292.7,89256.7,61.23031895,493
2026-01-27 21:00:00+00:00,89292.6,89324.6,89151.2,89312.8,89274.7,2.17810077,316
2026-01-27 21:05:00+00:00,89312.8,89436.2,89312.7,89400.4,89373.2,5.80752444,390
2026-01-27 21:10:00+00:00,89374.4,89388.7,89216.1,89261.1,89297.8,2.40495935,224
2026-01-27 21:15:00+00:00,89261.1,89344.0,89185.3,89185.3,89226.4,8.67243923,190
2026-01-27 21:20:00+00:00,89181.0,89230.1,89151.2,89151.2,89178.2,10.75082735,218
2026-01-27 21:25:00+00:00,89151.3,89183.2,89106.4,89155.5,89150.2,1.50029245,126
2026-01-27 21:30:00+00:00,89155.5,89181.6,89050.1,89113.5,89102.5,35.44614253,285
2026-01-27 21:35:00+00:00,89113.5,89135.0,89050.0,89050.1,89100.6,1.01279459,145
2026-01-27 21:40:00+00:00,89050.1,89144.6,89050.0,89069.1,89070.9,5.34236258,153
2026-01-27 21:45:00+00:00,89103.7,89174.5,89032.5,89032.5,89129.5,4.62806247,167
2026-01-27 21:50:00+00:00,89030.4,89046.7,88998.3,89024.2,89019.6,1.41866832,115
2026-01-27 21:55:00+00:00,89024.3,89029.3,88904.4,88940.2,88933.0,0.74815298,155
2026-01-27 22:00:00+00:00,88954.8,89087.5,88954.7,89007.1,89033.6,2.15243740,155
2026-01-27 22:05:00+00:00,89007.2,89018.2,88981.1,88988.0,88999.4,0.65184045,122
2026-01-27 22:10:00+00:00,88988.0,89044.6,88988.0,89044.5,89009.2,0.65325086,145
2026-01-27 22:15:00+00:00,89044.6,89063.1,88930.9,88930.9,89016.2,1.54259968,116
2026-01-27 22:20:00+00:00,88930.9,89040.5,88902.3,89040.5,89001.5,24.65587737,157
2026-01-27 22:25:00+00:00,89040.5,89147.8,88997.8,89049.3,89065.1,14.35636825,185
2026-01-27 22:30:00+00:00,89047.7,89083.9,89010.6,89083.9,89039.0,0.47399223,144
2026-01-27 22:35:00+00:00,89083.9,89267.0,89083.9,89201.3,89227.5,3.94087760,221
2026-01-27 22:40:00+00:00,89201.3,89300.0,89201.3,89243.2,89245.4,1.84222124,211
2026-01-27 22:45:00+00:00,89235.6,89235.6,89151.0,89151.1,89173.4,0.33244687,101
2026-01-27 22:50:00+00:00,89151.1,89191.5,89151.0,89168.5,89170.1,0.31105944,79
2026-01-27 22:55:00+00:00,89187.6,89200.8,89130.9,89130.9,89193.0,1.67083003,124
2026-01-27 23:00:00+00:00,89130.9,89130.9,89026.8,89052.8,89068.5,4.37509312,187
2026-01-27 23:05:00+00:00,89052.8,89166.2,89052.7,89166.1,89067.4,1.81653761,116
2026-01-27 23:10:00+00:00,89166.1,89174.0,89137.2,89174.0,89168.1,1.83680984,138
2026-01-27 23:15:00+00:00,89173.9,89200.0,89171.3,89200.0,89175.3,7.28322261,143
2026-01-27 23:20:00+00:00,89200.0,89281.7,89199.9,89281.7,89204.6,22.01992481,207
2026-01-27 23:25:00+00:00,89281.6,89430.0,89281.6,89400.0,89398.1,6.41601624,209
2026-01-27 23:30:00+00:00,89400.0,89400.0,89335.0,89350.3,89364.8,0.96143168,131
2026-01-27 23:35:00+00:00,89350.2,89369.3,89259.8,89351.7,89300.6,0.77897105,119
2026-01-27 23:40:00+00:00,89341.2,89341.3,89283.4,89300.0,89320.3,1.81423997,104
2026-01-27 23:45:00+00:00,89300.0,89372.9,89299.9,89316.4,89325.2,3.64811714,128
2026-01-27 23:50:00+00:00,89316.5,89316.5,89188.3,89188.3,89253.2,2.93308668,105
2026-01-27 23:55:00+00:00,89175.0,89175.1,89101.8,89124.1,89144.5,4.17499042,137
2026-01-28 00:00:00+00:00,89124.1,89140.0,89035.0,89042.5,89108.7,2.24401685,124
2026-01-28 00:05:00+00:00,89042.5,89159.9,89042.4,89159.8,89090.1,7.14793721,159
2026-01-28 00:10:00+00:00,89159.9,89159.9,89087.4,89114.9,89145.2,1.18775586,111
2026-01-28 00:15:00+00:00,89115.0,89129.1,89062.5,89102.7,89103.0,0.24561242,110
2026-01-28 00:20:00+00:00,89102.7,89175.5,89102.7,89175.5,89120.7,1.02650169,91
2026-01-28 00:25:00+00:00,89175.5,89280.0,89175.5,89200.6,89238.3,0.91862036,131
2026-01-28 00:30:00+00:00,89200.6,89200.6,89102.6,89102.7,89154.2,0.28347728,131
2026-01-28 00:35:00+00:00,89102.7,89132.3,89059.3,89063.9,89099.4,0.46036558,102
2026-01-28 00:40:00+00:00,89063.9,89092.8,89063.9,89077.9,89085.3,0.49043385,90
2026-01-28 00:45:00+00:00,89078.0,89189.0,89078.0,89189.0,89112.8,0.76815973,108
2026-01-28 00:50:00+00:00,89189.0,89325.0,89189.0,89239.1,89262.5,1.32954833,125
2026-01-28 00:55:00+00:00,89239.2,89325.0,89239.1,89325.0,89284.1,0.59335024,119
2026-01-28 01:00:00+00:00,89325.0,89348.8,89267.8,89338.2,89297.9,1.87444730,197
2026-01-28 01:05:00+00:00,89338.1,89344.8,89311.4,89327.5,89320.1,0.81495806,135
2026-01-28 01:10:00+00:00,89327.4,89327.4,89239.3,89245.4,89265.8,0.22110604,109
2026-01-28 01:15:00+00:00,89245.4,89363.2,89245.4,89363.1,89318.4,0.44846090,146
2026-01-28 01:20:00+00:00,89363.1,89370.0,89245.0,89284.3,89245.8,19.06830222,169
2026-01-28 01:25:00+00:00,89255.9,89270.9,89173.3,89203.5,89199.7,5.81877187,162
2026-01-28 01:30:00+00:00,89203.5,89227.3,89084.1,89141.4,89150.4,0.43899162,115
2026-01-28 01:35:00+00:00,89141.4,89194.8,89141.4,89183.9,89170.9,0.36611553,113
2026-01-28 01:40:00+00:00,89183.9,89235.1,89183.8,89235.1,89205.2,0.14047269,79
2026-01-28 01:45:00+00:00,89235.0,89237.4,89191.3,89237.4,89230.9,0.32134698,70
2026-01-28 01:50:00+00:00,89237.4,89365.4,89198.8,89365.3,89267.8,1.05460200,133
2026-01-28 01:55:00+00:00,89336.0,89336.0,89286.0,89286.0,89326.1,5.16775047,151
2026-01-28 02:00:00+00:00,89286.1,89304.7,89264.0,89304.7,89283.2,0.60392398,196
2026-01-28 02:05:00+00:00,89304.7,89311.8,89168.8,89181.2,89209.3,1.16353930,115
2026-01-28 02:10:00+00:00,89180.5,89195.3,89168.8,89168.9,89169.5,0.97628264,57
2026-01-28 02:15:00+00:00,89168.9,89205.3,89168.8,89205.3,89183.5,0.47127306,94
2026-01-28 02:20:00+00:00,89205.3,89222.4,89122.4,89176.2,89187.9,1.08962958,148
2026-01-28 02:25:00+00:00,89176.2,89250.0,89175.7,89211.7,89198.4,0.20569445,99
2026-01-28 02:30:00+00:00,89211.6,89247.9,89120.5,89120.6,89170.2,0.58186478,123
2026-01-28 02:35:00+00:00,89120.6,89120.6,89042.6,89057.1,89063.6,0.21567751,99
2026-01-28 02:40:00+00:00,89057.2,89111.4,89032.5,89032.6,89070.6,0.93644398,135
2026-01-28 02:45:00+00:00,89032.5,89056.5,88972.5,88975.8,88987.3,2.68145329,112
2026-01-28 02:50:00+00:00,88975.8,89063.6,88975.8,89041.3,89000.9,4.27676696,107
2026-01-28 02:55:00+00:00,89041.3,89152.9,89041.2,89152.9,89106.3,1.26393167,100
2026-01-28 03:00:00+00:00,89153.0,89169.6,89041.3,89079.4,89114.6,0.98513317,128
2026-01-28 03:05:00+00:00,89079.5,89100.0,89042.4,89042.4,89087.1,0.17276643,83
2026-01-28 03:10:00+00:00,89041.2,89046.9,88939.7,88939.7,88973.1,7.31156710,113
